{
  "training_info": {
    "training_date": "2025-11-28T07:04:58.636363",
    "best_model": "Bayesian Ridge",
    "feature_count": 90,
    "data_shape": "90 features"
  },
  "best_model_performance": {
    "cross_validation_r2": 0.7892463181831861,
    "cross_validation_rmse": 67.45976408243845,
    "test_r2": 0.974674446601822,
    "test_rmse": 113.45371951551444
  },
  "all_models_comparison": {
    "Linear Regression": {
      "RMSE": 251.87259873209305,
      "RMSE_std": 244.5143861916557,
      "MAE": 218.69503613213215,
      "MAE_std": 229.84456523477297,
      "R2": -1.7691760247168609,
      "R2_std": 2.6861485856823974,
      "MAPE": 4.617129183770087,
      "MAPE_std": 3.8637803546870964
    },
    "Ridge Regression": {
      "RMSE": 110.15991035519214,
      "RMSE_std": 70.98539826459157,
      "MAE": 89.28973453927966,
      "MAE_std": 57.33390790955283,
      "R2": 0.4348326312473182,
      "R2_std": 0.2870236047763709,
      "MAPE": 1.9435169876083727,
      "MAPE_std": 0.9473293132979179
    },
    "Lasso Regression": {
      "RMSE": 112.37235698299678,
      "RMSE_std": 81.53480647708274,
      "MAE": 92.09954288400148,
      "MAE_std": 70.09671530989824,
      "R2": 0.4404145497321643,
      "R2_std": 0.2975926284727588,
      "MAPE": 1.9690646407887862,
      "MAPE_std": 1.0997207580507808
    },
    "SVR": {
      "RMSE": 441.9883450442088,
      "RMSE_std": 259.6367961778525,
      "MAE": 417.4073842664934,
      "MAE_std": 256.8284862252158,
      "R2": -14.058937888423742,
      "R2_std": 17.03569729841771,
      "MAPE": 9.328138700575966,
      "MAPE_std": 4.4528475580491085
    },
    "XGBoost": {
      "RMSE": 168.780648034501,
      "RMSE_std": 127.56323281964934,
      "MAE": 143.61403534381253,
      "MAE_std": 114.59951032723146,
      "R2": -0.8496582968067109,
      "R2_std": 1.8418209420156433,
      "MAPE": 3.158365728379901,
      "MAPE_std": 2.0789612517129217
    },
    "Random Forest": {
      "RMSE": 180.12630253904047,
      "RMSE_std": 143.369165296596,
      "MAE": 152.5512710459626,
      "MAE_std": 130.49131126684412,
      "R2": -1.0114715796232931,
      "R2_std": 1.938102635865707,
      "MAPE": 3.308228271882002,
      "MAPE_std": 2.222390848134684
    },
    "Bayesian Ridge": {
      "RMSE": 67.45976408243845,
      "RMSE_std": 40.75618150168062,
      "MAE": 51.38677067649903,
      "MAE_std": 28.694426664560034,
      "R2": 0.7892463181831861,
      "R2_std": 0.09197845624056258,
      "MAPE": 1.1348552626689785,
      "MAPE_std": 0.5103742812740184
    }
  },
  "feature_names": [
    "portfolio_total_value",
    "portfolio_avg_price",
    "portfolio_median_price",
    "portfolio_price_std",
    "portfolio_return",
    "portfolio_return_lag1",
    "portfolio_return_lag2",
    "portfolio_return_lag3",
    "portfolio_ma_5",
    "portfolio_to_ma_5",
    "portfolio_ma_10",
    "portfolio_to_ma_10",
    "portfolio_ma_20",
    "portfolio_to_ma_20",
    "portfolio_volatility_5d",
    "portfolio_volatility_10d",
    "portfolio_volatility_20d",
    "portfolio_total_volume",
    "portfolio_avg_volume",
    "portfolio_volume_std",
    "volume_ma_5",
    "volume_ratio_5",
    "volume_ma_10",
    "volume_ratio_10",
    "volume_ma_20",
    "volume_ratio_20",
    "volume_change",
    "volume_change_5d",
    "aviation_total_value",
    "aviation_avg_price",
    "aviation_price_std",
    "aviation_total_volume",
    "aviation_return",
    "aviation_return_lag1",
    "aviation_ma_5",
    "aviation_ma_10",
    "aviation_volatility_5d",
    "finance_total_value",
    "finance_avg_price",
    "finance_price_std",
    "finance_total_volume",
    "finance_return",
    "finance_return_lag1",
    "finance_ma_5",
    "finance_ma_10",
    "finance_volatility_5d",
    "healthcare_total_value",
    "healthcare_avg_price",
    "healthcare_price_std",
    "healthcare_total_volume",
    "healthcare_return",
    "healthcare_return_lag1",
    "healthcare_ma_5",
    "healthcare_ma_10",
    "healthcare_volatility_5d",
    "technology_total_value",
    "technology_avg_price",
    "technology_price_std",
    "technology_total_volume",
    "technology_return",
    "technology_return_lag1",
    "technology_ma_5",
    "technology_ma_10",
    "technology_volatility_5d",
    "sp500_price",
    "sp500_return",
    "sp500_volume",
    "portfolio_vs_sp500_return",
    "portfolio_vs_sp500_value",
    "portfolio_beta",
    "portfolio_correlation",
    "tech_finance_correlation",
    "healthcare_aviation_correlation",
    "portfolio_rsi",
    "portfolio_bb_upper",
    "portfolio_bb_lower",
    "portfolio_bb_position",
    "portfolio_macd",
    "portfolio_macd_signal",
    "portfolio_momentum_5d",
    "portfolio_momentum_10d",
    "portfolio_momentum_20d",
    "aviation_relative_momentum",
    "finance_relative_momentum",
    "healthcare_relative_momentum",
    "technology_relative_momentum",
    "price_range",
    "price_range_normalized",
    "stocks_above_avg",
    "stocks_below_avg"
  ]
}